From,To,Amount,Denom,Tx,Date
evmos1z8ynrnhdn4l69mu6v6ckjr4wukcacd0e7j0akn,evmos16eyf3lac72z0v4gcdu33d9u6uz0fl66zqztev4,50000,aevmos,2E8A06EE8995E25676E809B8739DBA0FDC6BAFF17C773C6C4C5996D9829AEEA3,2022-05-09T13:33:18
evmos1z8ynrnhdn4l69mu6v6ckjr4wukcacd0e7j0akn,evmos180p05r602v3h6latpatrz9kkf03anea8ygera3,200000,aevmos,632D3FF43C8329DFDA2AA1DADF630AFBA3C90DA0AC0AC441B3BB3382A1E87C93,2022-06-10T22:38:23
evmos1z8ynrnhdn4l69mu6v6ckjr4wukcacd0e7j0akn,evmos1sz4g7mvfunz79h5wxczdj5nk5q3k3460g8dpd7,100000,aevmos,163F82BF3E4B89A07C1D95CE07BDDC43C0BD0EB1787ADB2FBE1A59CE08BED0F6,2022-07-01T00:21:56
evmos1z8ynrnhdn4l69mu6v6ckjr4wukcacd0e7j0akn,evmos1u48k2un865scs53e7juza9gac4shze0dxh46xc,1,aevmos,FC9BB8ABA11C649A68D50E9FAAE8E45BCE3E6F8FB7568390CB2D1A8D1D9DEEE5,2022-08-08T14:54:10
evmos1z8ynrnhdn4l69mu6v6ckjr4wukcacd0e7j0akn,evmos1j3s6079av7lnpcz30fnu2r4t9ja0e8gg9mc67p,1,aevmos,A3EB0CF5CFB34950A3CD27955CC69861552D847179E599A9F19FD23329AFBB55,2022-08-08T15:02:22
evmos1z8ynrnhdn4l69mu6v6ckjr4wukcacd0e7j0akn,evmos1v4v7l6fgammkkmgaslj83anrty8tykgv2sc97j,1,aevmos,7BF031D2BB65C8C0116C8BCE6D56B7D90A4125973422CD0AA792730D6B9E2883,2022-08-08T15:08:39
evmos1z8ynrnhdn4l69mu6v6ckjr4wukcacd0e7j0akn,evmos1j6s7mav3xtfpprezfgpsuh0zl5xg9mxukc9uk6,1,aevmos,E590797D10462D2EE7CE5CC6A782709A3998948FCB7745DA2BCA573339503671,2022-08-08T15:12:09
evmos1z8ynrnhdn4l69mu6v6ckjr4wukcacd0e7j0akn,evmos1xxuxkvkmkuurxfw9up87h43e2g2lglwxxzf874,1,aevmos,E6B6B7F7974778142E0901B74AF3FEBAAC4652DC327FE36C9EBE404948421EB6,2022-08-08T15:12:42
evmos1z8ynrnhdn4l69mu6v6ckjr4wukcacd0e7j0akn,evmos1ktzjzr73ejk2fq30rmdfjwdddx3du0jfd9vcc8,1,aevmos,DE9153AC475688AAB46CCE78F7C124338CC5550E555D740E01A64684BD034033,2022-08-08T15:13:19
evmos1z8ynrnhdn4l69mu6v6ckjr4wukcacd0e7j0akn,evmos18ffyh7dfy0mlf8gg24kvmafsz7z8d34r2jlsep,1,aevmos,6CBC16E793C4B5A21244D6EDE7B5C9E090AF046BF6F33253C7FF14C74AF4CCB8,2022-08-08T15:13:44
evmos1z8ynrnhdn4l69mu6v6ckjr4wukcacd0e7j0akn,evmos1ewdc9ua0wvcxsh4e5w8rww4ztnjpwfk4755vdg,1,aevmos,D95981CE7E598E58AF519DFD6314B4583502AFE132AE9477B4CF2A9DA38D2C4A,2022-08-08T15:14:18
evmos1z8ynrnhdn4l69mu6v6ckjr4wukcacd0e7j0akn,evmos108xglyh3xpja8zuqfshndprn8y6l44cwg7g6gt,1,aevmos,32EC7D3679922129970E8BB65B27324ECF70E18CE638600912A68D7CE0E6296F,2022-08-08T15:14:51
evmos1z8ynrnhdn4l69mu6v6ckjr4wukcacd0e7j0akn,evmos1up60vyjtx4vd49f7z5r3ysjmfe47ld3l0yuaha,1,aevmos,7DC83A23FE9ED8E52E50F216E5B10DFB06FFC069A2E1EFE7128684CBE8DD0033,2022-08-08T15:15:20
evmos1z8ynrnhdn4l69mu6v6ckjr4wukcacd0e7j0akn,evmos1u48k2un865scs53e7juza9gac4shze0dxh46xc,4799999,aevmos,07FDB34B689163A915F8A5ABB358840BD7905AA27359ABA2464DFA56EACFEF5E,2022-08-09T15:00:22
evmos1z8ynrnhdn4l69mu6v6ckjr4wukcacd0e7j0akn,evmos1j3s6079av7lnpcz30fnu2r4t9ja0e8gg9mc67p,3899999,aevmos,B7C5FE5C5076F374B3E7988EB23F123C1E12DC4F7494078FFCE180EF9D72DC5D,2022-08-09T15:01:24
evmos1z8ynrnhdn4l69mu6v6ckjr4wukcacd0e7j0akn,evmos1v4v7l6fgammkkmgaslj83anrty8tykgv2sc97j,2699999,aevmos,517877511655DE25543DA966A6087BCD81F617B9B63B8B0D1C40A6D8E4853FE7,2022-08-09T15:03:12
evmos1z8ynrnhdn4l69mu6v6ckjr4wukcacd0e7j0akn,evmos1j6s7mav3xtfpprezfgpsuh0zl5xg9mxukc9uk6,1949999,aevmos,33393DA2422CE60C71D9BCBB52FE1072EB8AB09CECBBB583642B08989A7AA868,2022-08-09T15:04:57
evmos1z8ynrnhdn4l69mu6v6ckjr4wukcacd0e7j0akn,evmos1xxuxkvkmkuurxfw9up87h43e2g2lglwxxzf874,1649999,aevmos,C43D9B45F3A924974A96374CDFC30432CC08EC24A9F9B8A506D976C57534116D,2022-08-09T15:05:12
evmos1z8ynrnhdn4l69mu6v6ckjr4wukcacd0e7j0akn,evmos1ktzjzr73ejk2fq30rmdfjwdddx3du0jfd9vcc8,252630,aevmos,F65C0A21CD92D25CC4FA49D27E36A2CB2080B145397284CE53630CB069FEAE41,2022-08-09T15:05:21
evmos1z8ynrnhdn4l69mu6v6ckjr4wukcacd0e7j0akn,evmos18ffyh7dfy0mlf8gg24kvmafsz7z8d34r2jlsep,205262,aevmos,0486F3A09E59C7CBD60C9B581F5DE4315580EBBA4E18FFB887AFF8EA6612AA6F,2022-08-09T15:05:31
evmos1z8ynrnhdn4l69mu6v6ckjr4wukcacd0e7j0akn,evmos1ewdc9ua0wvcxsh4e5w8rww4ztnjpwfk4755vdg,142104,aevmos,262617CAD3496C126151954BC665A7E8BA63BC66F80F6232EE768408566CCAD8,2022-08-09T15:05:34
evmos1z8ynrnhdn4l69mu6v6ckjr4wukcacd0e7j0akn,evmos108xglyh3xpja8zuqfshndprn8y6l44cwg7g6gt,102630,aevmos,859632D8608844F37060596C27AA03D4763BFF49F157854058A654633DCB4C05,2022-08-09T15:05:41
evmos1z8ynrnhdn4l69mu6v6ckjr4wukcacd0e7j0akn,evmos1up60vyjtx4vd49f7z5r3ysjmfe47ld3l0yuaha,86841,aevmos,7ECBA81D1197C7915EA79918A41CFF20D6D2578F767F0C31CB6D014F4838ABFB,2022-08-09T15:05:48
evmos1z8ynrnhdn4l69mu6v6ckjr4wukcacd0e7j0akn,evmos1sz4g7mvfunz79h5wxczdj5nk5q3k3460g8dpd7,150000,aevmos,62EB2958C11D5C93760998314331CB200BC6B2A7638B836E9440F54FAEB2C67D,2022-09-17T17:30:31
evmos1z8ynrnhdn4l69mu6v6ckjr4wukcacd0e7j0akn,evmos1yt46fjxv5dac5wmtkxxxj42d94h8nav4sd2s6f,1,aevmos,168BD460A28BD3DCF0D3555EC6F4A41CE9A80DC769685ED4257D105FAAEB38F6,2022-10-06T00:00:58
evmos1z8ynrnhdn4l69mu6v6ckjr4wukcacd0e7j0akn,evmos1rxdr68ae3nzky2s74cg8dp726k44hz6nast0g2,1,aevmos,F57FC95C04955B566797A1C2CCA139CA57B5BB01A7004FC2B2E7DB81794789FE,2022-10-06T00:01:23
evmos1z8ynrnhdn4l69mu6v6ckjr4wukcacd0e7j0akn,evmos14kt7fqad46vwezezrm75k3dgk8u0rxc2nwyfnf,1,aevmos,65E3CC19C900E59C5D40982C350F3FBDA76A9E7ABC050FDABB1DB70C7D31F4C5,2022-10-06T00:01:58
evmos1z8ynrnhdn4l69mu6v6ckjr4wukcacd0e7j0akn,evmos1yt46fjxv5dac5wmtkxxxj42d94h8nav4sd2s6f,175437,aevmos,48D4C406F210FC7F806F8BBA20CAD76710E001B800EA045456D82965962506B4,2022-10-06T07:17:42
evmos1z8ynrnhdn4l69mu6v6ckjr4wukcacd0e7j0akn,evmos1rxdr68ae3nzky2s74cg8dp726k44hz6nast0g2,175437,aevmos,2AA084BFDDDF159964E41ABCA0C966C665AAA8342566F83B2D9361BC355A7F99,2022-10-06T07:18:13
evmos1z8ynrnhdn4l69mu6v6ckjr4wukcacd0e7j0akn,evmos14kt7fqad46vwezezrm75k3dgk8u0rxc2nwyfnf,175437,aevmos,5E807EA2EB53E10D5F94967443BBD89AB889936DD0D141B5E4EFC52927DD2524,2022-10-06T07:18:43
evmos1z8ynrnhdn4l69mu6v6ckjr4wukcacd0e7j0akn,evmos1sz4g7mvfunz79h5wxczdj5nk5q3k3460g8dpd7,200000,aevmos,64C304EB29BA3690BC810D248D9B4D911C34689D3911F6CBEB579D8E46AA990F,2022-10-12T02:37:44
evmos1z8ynrnhdn4l69mu6v6ckjr4wukcacd0e7j0akn,evmos1dlj5jmvf6g5e359hmsqlh6n0ce9j0kst7cwvp3,1,aevmos,623FEE20232B253AD8D4DD5612A5CA5D66A0CCD483131953AC0A24B2D4A8BA31,2022-10-12T13:23:33
evmos1z8ynrnhdn4l69mu6v6ckjr4wukcacd0e7j0akn,evmos1dlj5jmvf6g5e359hmsqlh6n0ce9j0kst7cwvp3,5263156,aevmos,0F7A246716327E4CC1FCA1F4C6225087619EACE53DCE1486C5CDE56A273724B9,2022-10-13T06:41:52
evmos1z8ynrnhdn4l69mu6v6ckjr4wukcacd0e7j0akn,evmos1dlj5jmvf6g5e359hmsqlh6n0ce9j0kst7cwvp3,1,aevmos,74F33229230ED82C2C0C6090F822D51B4639DCCE3DF106A84B1F892585D9E9E5,2022-10-17T07:56:27
evmos1z8ynrnhdn4l69mu6v6ckjr4wukcacd0e7j0akn,evmos140vpvyr0tku6ymdcrnw62udmc66sue56xu4u6e,1,aevmos,5D33BB05ECB746FF9F55B79DD27ABB53D559C1B7B778D8315F7F493A4324ADDE,2022-10-17T07:56:56
evmos1z8ynrnhdn4l69mu6v6ckjr4wukcacd0e7j0akn,evmos1fkpg6mmyxvyvhutt57n85em29s5n3t9j0hsn5e,26315,aevmos,10A28D236F06B7FD274E2505F635FCC087BBBC9F4B9A401823FBA7C91127714B,2022-10-17T18:37:35
evmos1z8ynrnhdn4l69mu6v6ckjr4wukcacd0e7j0akn,evmos1h68y7crnc2ughp57k5p9wycsap4len59fv735h,15789,aevmos,193757EB0F6B68AB5F36812171EE294C4E8DD62C1725196F6953F8A2ADCFAB1D,2022-10-20T18:58:51
evmos1z8ynrnhdn4l69mu6v6ckjr4wukcacd0e7j0akn,evmos1x4jaxn537u7qfe5ajelal0cxtpgumpdj0mz0dn,1,aevmos,33F422D02938C6BD2A0BF4594DD237DAAE70D3A5794BE0D7CCA4AFCD675FAD32,2022-10-25T05:27:20
evmos1z8ynrnhdn4l69mu6v6ckjr4wukcacd0e7j0akn,evmos1zt7uxc8d02pc4qltmhwca5zml5x3x3m8dgus06,1,aevmos,DFEFAED98D0D256A18A6614CDD15EFE9655B9FABF4CBD1D7B216D493D07B5395,2022-10-25T05:27:51
evmos1z8ynrnhdn4l69mu6v6ckjr4wukcacd0e7j0akn,evmos1vy98u6yxtfw8lxdc3nr8yq0np620rzchcps73g,1,aevmos,18F1752099C301781BEA0AD58CF2F1FD60C07C73835B5CF194348DDE7FDBB9BF,2022-10-25T05:28:22
evmos1z8ynrnhdn4l69mu6v6ckjr4wukcacd0e7j0akn,evmos13v4l44cnkxr59ez82tmjfnjpfev9g35uqsqnms,84210,aevmos,78A3B2AE8C30477E2A3733F57FCDEE68779B9CD453945EE0329CF8C429ABB8BE,2022-10-25T05:28:52
evmos1z8ynrnhdn4l69mu6v6ckjr4wukcacd0e7j0akn,evmos14t7yq8urpqqgu9vry0n9g9tea06lk7wc6umsgg,36842,aevmos,0821B5124030FA9FC5F202CDACD7D7C6DCD00CAE07BCE862D869FC704F3E8495,2022-10-25T05:29:24
evmos1z8ynrnhdn4l69mu6v6ckjr4wukcacd0e7j0akn,evmos1a69wrud5k8se2mytmgn7a089fnctkh4ttzc586,26315,aevmos,C6F2C2263F5E42CB8CD829CFF5CF8DEB4B5FE133AEFBAEB2458D310C82F96B6C,2022-10-25T05:29:53
evmos1z8ynrnhdn4l69mu6v6ckjr4wukcacd0e7j0akn,evmos1yaccxp3974vr7p7p8rjktup5hzqn856m5vhyww,21052,aevmos,F705E1B9C3DE5E52B0EC6BC241CD2917BFC8A86E602942BB54AFEFD39492FFEE,2022-10-25T05:30:23
evmos1z8ynrnhdn4l69mu6v6ckjr4wukcacd0e7j0akn,evmos1e9t6uv2es2wwgge8kp8fpqnchmqzcvdkzs5l8y,10526,aevmos,168538A0618F6503A1295451F59495334CF96D7175ADB150AFBED9F402EFD151,2022-10-25T05:30:56
evmos1z8ynrnhdn4l69mu6v6ckjr4wukcacd0e7j0akn,evmos16ngm0m4pex0uesuvazyrsuwprpsq3hr0j4r79w,10526,aevmos,407714FEBC0F91F0F045CE7A71C9D8F2BDAF2C69E0E1A63F8ED674ED8B7DE122,2022-10-25T05:31:27
evmos1z8ynrnhdn4l69mu6v6ckjr4wukcacd0e7j0akn,evmos1epez74k7pzlmgfqlj36y7qxh9kcfextfjakhwv,10526,aevmos,62FC2C0B8859678A5E0E1AFBBA9EDDC9AE25012BE036DB22002D3E3D6087964D,2022-10-25T05:31:54
evmos1z8ynrnhdn4l69mu6v6ckjr4wukcacd0e7j0akn,evmos1l640qkmvvzhhcsqhevjg0pu9htjjsq7mxyed57,10526,aevmos,C2B8DFE192EAEA4798AA9E793D4045EBB9EC65B170ACF9C9227C5E4B8968E20F,2022-10-25T05:32:25
evmos1z8ynrnhdn4l69mu6v6ckjr4wukcacd0e7j0akn,evmos1uud8m55hhagfrm4cwzzu4gnh9ee3up43g5g7xs,10526,aevmos,BF79F3EC1D7332A6E1FDFEBB74E349D69196101C82B87E330A7372CFF6EC6F39,2022-10-25T05:32:57
evmos1z8ynrnhdn4l69mu6v6ckjr4wukcacd0e7j0akn,evmos1yscza36090gf5xtt7zuewpn2h76tnstpaaj5v5,157894,aevmos,0E98B7A4EC3006A707B7F6CBD10DC8F4927F7586FDEF8C83B87D70D92ABF6AC3,2022-10-25T05:33:26
evmos1z8ynrnhdn4l69mu6v6ckjr4wukcacd0e7j0akn,evmos14yeq3lkajldaggj28hmq8xng9xux7x5g25yktc,105263,aevmos,7BC8021CFB428ABEC38829AB4FD366C2A9D98DDC211758B49965E8DA49DA5310,2022-10-26T04:10:14
evmos1z8ynrnhdn4l69mu6v6ckjr4wukcacd0e7j0akn,evmos1vy98u6yxtfw8lxdc3nr8yq0np620rzchcps73g,476605,aevmos,57B414910CA0F2A7BE67334362E2116544347E0EB564DDE552DE62DCBB2B6DE0,2022-10-26T04:10:43
evmos1z8ynrnhdn4l69mu6v6ckjr4wukcacd0e7j0akn,evmos140vpvyr0tku6ymdcrnw62udmc66sue56xu4u6e,154973,aevmos,65422E7E0E5FE29B7EC2AAA13F6F4CD4529310C1667D7096CF4D5F837B841119,2022-10-26T04:11:15
evmos1z8ynrnhdn4l69mu6v6ckjr4wukcacd0e7j0akn,evmos1x4jaxn537u7qfe5ajelal0cxtpgumpdj0mz0dn,1578946,aevmos,E80D17FB5BD0954B8958BC14D04965F9FAFDA6894DC5C12DE663FFEF89EFC90D,2022-10-31T05:58:40
evmos1z8ynrnhdn4l69mu6v6ckjr4wukcacd0e7j0akn,evmos1yusd9sxux5z7gn8gkakj0d7sddktp9ynhmry0u,263157,aevmos,276F7EC752AD77CE92472ECC1BF698ACBEB1ACCC62A4CF85B158966F3BB6CF61,2022-10-31T05:59:12
evmos1z8ynrnhdn4l69mu6v6ckjr4wukcacd0e7j0akn,evmos1vpvzta06qecq9w0gn427u8zd02cpk2rhak8t57,1,aevmos,2061ECE2CAF8999F29D2AB019B832CDAF592B65877D2060A063B5354924D6F99,2022-10-31T05:59:42
evmos1z8ynrnhdn4l69mu6v6ckjr4wukcacd0e7j0akn,evmos15em5an445cqrcqxh2a9lw0w8dm44vt4tgdk8g2,1,aevmos,1E5C9898192AC97E40C22E86410B0F8AD6F04085124A348F4F416F018D435CF7,2022-10-31T06:00:13
evmos1z8ynrnhdn4l69mu6v6ckjr4wukcacd0e7j0akn,evmos19pvfc52dsc7vv8uvkgcnnfxj5t3hrnvpvfkjkh,1,aevmos,A875B861EF0401AF13F36BF21E4DEEA75792EF13AA3CCF28158160FC351C6183,2022-10-31T06:00:43
evmos1z8ynrnhdn4l69mu6v6ckjr4wukcacd0e7j0akn,evmos1t9kny6qmp26y62tty5cveslk89qx4542wm624g,42105,aevmos,3726FAD2222FDC01E19C1F8182FAD933190F833139FA15808D241E27F5E8EFC8,2022-10-31T06:01:14
evmos1z8ynrnhdn4l69mu6v6ckjr4wukcacd0e7j0akn,evmos1wmur7246ffqgt2rlhedukdq3cpy7l3df0ds8yr,26315,aevmos,15F7AB1AB7098354EAA9846F863F94BAFF242E2368B7361828BD6405CB1D2764,2022-10-31T06:01:45
evmos1z8ynrnhdn4l69mu6v6ckjr4wukcacd0e7j0akn,evmos1lcv8ddm4yefl8qxsdaeazcddmuclqxx0j22cjx,10526,aevmos,45ED0834B8DD78618A011BF6D9451ACEF04672D725241F90EF2B91B677418824,2022-10-31T06:02:15
evmos1z8ynrnhdn4l69mu6v6ckjr4wukcacd0e7j0akn,evmos1zdps32zqxqk4t6e3msf2zmmf2vp3tkwcyk5zh7,5263,aevmos,C6D9383B059A67A35AADDD7BC665E8543421F3C82E9B7398F32C0A329B18F2AA,2022-10-31T06:02:47
evmos1z8ynrnhdn4l69mu6v6ckjr4wukcacd0e7j0akn,evmos1zt7uxc8d02pc4qltmhwca5zml5x3x3m8dgus06,1052630,aevmos,2C268A8C49633684B0162BA63A1C67CF7AD1C37B6D95582A5453B3599E66CC60,2022-11-03T00:03:21
evmos1z8ynrnhdn4l69mu6v6ckjr4wukcacd0e7j0akn,evmos1sxttkjsmt9eht4xry6hc4u58xc7gyys4qhn9td,63157,aevmos,8D0ED63AD702C528915684BD033A236EA7B61DDF8403ED1C87A6C2761266E2A2,2022-11-03T05:21:53
evmos1z8ynrnhdn4l69mu6v6ckjr4wukcacd0e7j0akn,evmos1g0ftmg9u37hmdkjtudsdmvmqquuzecrwk3nuzx,63157,aevmos,9751957E92A41F104A5C582ED11658898C6DBC092A076B24DD3BFCF06AD98E89,2022-11-03T05:22:25
evmos1z8ynrnhdn4l69mu6v6ckjr4wukcacd0e7j0akn,evmos10kwhxnv7gttzlnlvj25u8rqancnqdlga405585,10526,aevmos,8C547A849D9F089A40E736FBB8F6F595F480F8ADAD2847B9A91A6C098710F731,2022-11-03T05:22:52
evmos1z8ynrnhdn4l69mu6v6ckjr4wukcacd0e7j0akn,evmos1vnjx6u8c2akepmzsncvqdrmntzg385z5jxjppp,10526,aevmos,0C499AE3140B8CF2BCFE9B8E7E785E86719EC95894B51712AB1847DC2C617B9F,2022-11-03T05:23:24
evmos1z8ynrnhdn4l69mu6v6ckjr4wukcacd0e7j0akn,evmos1tu7y6yh6zj5nev95gffuadydxfxwwx7ac6fxuw,42105,aevmos,6E8F3B599364214E0AE2AD543D48F03296369CCDD583DE81D8374D361E51A966,2022-11-03T05:23:56
evmos1z8ynrnhdn4l69mu6v6ckjr4wukcacd0e7j0akn,evmos1vpvzta06qecq9w0gn427u8zd02cpk2rhak8t57,105262,aevmos,3F93BD93ECBFDB7DD885B255A011A477CA74DA70B136D0F3DC297654C6A9CA1D,2022-11-12T08:22:08
evmos1z8ynrnhdn4l69mu6v6ckjr4wukcacd0e7j0akn,evmos15em5an445cqrcqxh2a9lw0w8dm44vt4tgdk8g2,73683,aevmos,5B5E4AE5C6E1BD0B1049112CEF8AFCA0368410FAD6B80E7C63FAF2DD9AA1BCD2,2022-11-12T08:22:40
evmos1z8ynrnhdn4l69mu6v6ckjr4wukcacd0e7j0akn,evmos19pvfc52dsc7vv8uvkgcnnfxj5t3hrnvpvfkjkh,10525,aevmos,C425FCF0F0DF55AEDF5A5DDDAFD04EBABC1FC9AF41BC9B6026B8547134B1D1C5,2022-11-12T08:23:10
evmos1z8ynrnhdn4l69mu6v6ckjr4wukcacd0e7j0akn,evmos1uwgf5kh2sqy2qwudvngwk6yuemf57w3w4xun59,21052,aevmos,45721C66474D5616E86B84EED50FA75E2E49D088EB596957562C4B93B115B9F1,2022-11-12T08:23:43
evmos1z8ynrnhdn4l69mu6v6ckjr4wukcacd0e7j0akn,evmos1rmrye8pkvq9dscqp7jh299q87dzc29tysvszzf,10526,aevmos,5494D155BC02882F629CA045340E9DDBC9D4DDC75C21B77D9880A11576AB00ED,2022-11-12T08:24:12
evmos1z8ynrnhdn4l69mu6v6ckjr4wukcacd0e7j0akn,evmos19dat7d9ql0fycfa4pv06w3p3lrwcfsld4vje4v,10526,aevmos,771C501A56D4B7A0A6E057805D0918F23DCC48D5F0DCDC762031E58F04CBE8B3,2022-11-15T01:40:17
evmos1z8ynrnhdn4l69mu6v6ckjr4wukcacd0e7j0akn,evmos15xgcszjx2aqal639rl9ahrcg2fjx7338cg26n3,26315,aevmos,77C53C61D2335B2E16536381326B84AB4F94FBEAC8402095F99D1DEB54581781,2022-11-15T01:40:48
evmos1z8ynrnhdn4l69mu6v6ckjr4wukcacd0e7j0akn,evmos17w0y2yqvse4sghzl8rkuwv6q7t44rd5cq7e82w,105263,aevmos,52F8AAC3AE259D6FE0CC67EFC2FB7FD6CCB2B886C7BE1A9933CE3C7EDA12F7DD,2022-11-15T01:41:19
evmos1z8ynrnhdn4l69mu6v6ckjr4wukcacd0e7j0akn,evmos1qmylurtwp3uj7uhqe3evey7ffx07xk8hm55v9k,5263,aevmos,70FCCE4C4C5F97F3349CE04A9DB38499E2ED84988284D129ACCDC9D50EBB1A9F,2022-11-15T01:41:50
evmos1z8ynrnhdn4l69mu6v6ckjr4wukcacd0e7j0akn,evmos18cq6djmp959dwx9zkymgslxwgc0e5k58al30hv,21052,aevmos,4BBE141D876CBA633199992CB9DF409732AAA09B7AEA20F1C113A731B84EF558,2022-12-08T06:41:43
evmos1z8ynrnhdn4l69mu6v6ckjr4wukcacd0e7j0akn,evmos1fn63j3aj4y8aneqlhsfj207utst4mtj2ta0hpc,5263,aevmos,7A4BF80FCE5FDC9E1888AB405B1B23B5EB98CCBEAF42F4D5AA3CDFE6AA3442DA,2022-12-08T06:42:14
evmos1z8ynrnhdn4l69mu6v6ckjr4wukcacd0e7j0akn,evmos1r708sd3dl4eww7wja20eyd30fd5zkakprv8vz5,5263,aevmos,949E38B9D9AAB2A245BE382487FD0D72B1F987D0B14901EA5DD4EB183F4182A0,2022-12-08T06:42:44
evmos1z8ynrnhdn4l69mu6v6ckjr4wukcacd0e7j0akn,evmos1gcaegdhcrxvmqnslq64w4y2luhumwrazuyj2ff,5263,aevmos,7DEE6197918A0CB6FF82075A796249ADF9CEFE19773565FF9CD2F2DB09A12522,2022-12-08T06:43:15
evmos1z8ynrnhdn4l69mu6v6ckjr4wukcacd0e7j0akn,evmos1tranmaumtx6xkxaqxkunqh2smfa9lrj6e5e3sv,5263,aevmos,F81106A23B92B09777F56AC31DEDBB81340711046208234064A4AFADF8A8B1A3,2022-12-08T06:43:46
evmos1z8ynrnhdn4l69mu6v6ckjr4wukcacd0e7j0akn,evmos12lzz7dhmxgauxf3hl87fkfratpysx4n47vntng,10526,aevmos,FF0F94CE1AE093205EF35789D76C74C50646696D773B14F8A74F68153E82EE2C,2022-12-08T06:44:15
evmos1z8ynrnhdn4l69mu6v6ckjr4wukcacd0e7j0akn,evmos1d3kcfgmspr6dnxgqk52zhxvkq2c8ww7tdxv4au,7368,aevmos,01EA015C5EA9585EE751E003D7BE175292AAD8EB96073C641BD362B22E5AFE73,2022-12-08T06:44:47
evmos1z8ynrnhdn4l69mu6v6ckjr4wukcacd0e7j0akn,evmos1acwx8rwlla6f6x9wdn8uqpny0pvefjekm8d74p,26315,aevmos,C752A31F4C37A8BF8409185378AF9F65B0EF36FF287E1BC3EDB286264366F3CD,2022-12-08T06:45:16
evmos1z8ynrnhdn4l69mu6v6ckjr4wukcacd0e7j0akn,evmos1d4tx0sp0038q2exqxh39e9xs5z056j7p9c6qzs,78974,aevmos,D6F4A1FCC46452931FA44AB5643A59EE372C74F2450DB540E78A0C46B5AF39BB,2022-12-08T06:45:47
evmos1z8ynrnhdn4l69mu6v6ckjr4wukcacd0e7j0akn,evmos1sz4g7mvfunz79h5wxczdj5nk5q3k3460g8dpd7,100000,aevmos,BD064922695773C2F3EB37B203035DB218F7324987B89AC245762B6549656BE4,2022-12-14T02:46:58
evmos1z8ynrnhdn4l69mu6v6ckjr4wukcacd0e7j0akn,evmos1ehuy8fgs9nqmxzvfgp2jl257duum8wmp4zaw20,1,aevmos,A501CF12D5853810A51F45CB62AA2539C7791BF03D4B25D7F350552C36E52D12,2022-12-23T12:24:42
evmos1z8ynrnhdn4l69mu6v6ckjr4wukcacd0e7j0akn,evmos1ehuy8fgs9nqmxzvfgp2jl257duum8wmp4zaw20,20000000,aevmos,2119EC0E8191866F6CAF51F0925F35B48A0558DF0A2F308C84E3ADD52E6B2B5B,2022-12-23T12:39:52
